Workbook
Name _13MONTH: #REF!
Name _13MONTH: #REF!
Name exhibit1: #REF!
Name exhibit1: #REF!
Name exhibit12: #REF!
Name exhibit12: #REF!
Name exhibit3: #REF!
Name exhibit3: #REF!
Name exhibit4: #REF!
Name exhibit4: #REF!
Name exhibit5: #REF!
Name exhibit5: #REF!
Name EXPREAL: #REF!
Name EXPREAL: #REF!
Name gnsaexp: '[1]NSA Goods Exports'!$A$4:$S$300
Name gnsaexpcountries: '[1]NSA Goods Exports'!$A$4:$S$4
Name gnsaexpquarters: '[1]NSA Goods Exports'!$A$4:$A$500
Name gnsaimp: '[1]NSA Goods Imports'!$A$4:$S$500
Name gnsaimpcountries: '[1]NSA Goods Imports'!$A$4:$S$4
Name gnsaimpquarters: '[1]NSA Goods Imports'!$A$4:$A$500
Name gsaexp: '[1]SA Goods Exports Forced'!$A$4:$S$300
Name gsaexpcountries: '[1]SA Goods Exports Forced'!$A$4:$S$4
Name gsaexpquarters: '[1]SA Goods Exports Forced'!$A$4:$A$500
Name gsaimp: '[1]SA Goods Imports Forced'!$A$4:$S$500
Name gsaimpcountries: '[1]SA Goods Imports Forced'!$A$4:$S$4
Name gsaimpquarters: '[1]SA Goods Imports Forced'!$A$4:$A$500
Name gsfexp: '[1]SF Goods Exports'!$A$4:$S$500
Name gsfexpcountries: '[1]SF Goods Exports'!$A$4:$S$4
Name gsfexpquarters: '[1]SF Goods Exports'!$A$4:$A$500
Name gsfimp: '[1]SF Goods Imports'!$A$4:$S$500
Name gsfimpcountries: '[1]SF Goods Imports'!$A$4:$S$4
Name gsfimpquarters: '[1]SF Goods Imports'!$A$4:$A$500
Name IMPREAL: #REF!
Name IMPREAL: #REF!
Name PETROREAL: #REF!
Name PETROREAL: #REF!
Name PRINT: #REF!
Name PRINT: #REF!
Name qlookup: [1]Codes!$A$22:$B$25
Name snsaexp: '[1]NSA Services Exports'!$A$4:$S$500
Name snsaexpcountries: '[1]NSA Services Exports'!$A$4:$S$4
Name snsaexpquarters: '[1]NSA Services Exports'!$A$4:$A$500
Name snsaimp: '[1]NSA Services Imports'!$A$4:$S$500
Name snsaimpcountries: '[1]NSA Services Imports'!$A$4:$S$4
Name snsaimpquarters: '[1]NSA Services Imports'!$A$4:$A$500
Name ssaexp: '[1]SA Services Exports Forced'!$A$4:$S$500
Name ssaexpcountries: '[1]SA Services Exports Forced'!$A$4:$S$4
Name ssaexpquarters: '[1]SA Services Exports Forced'!$A$4:$A$500
Name ssaimp: '[1]SA Services Imports Forced'!$A$4:$S$500
Name ssaimpcountries: '[1]SA Services Imports Forced'!$A$4:$S$4
Name ssaimpquarters: '[1]SA Services Imports Forced'!$A$4:$A$500
Name ssfexp: '[1]SF Services Exports'!$A$4:$S$500
Name ssfexpcountries: '[1]SF Services Exports'!$A$4:$S$4
Name ssfexpquarters: '[1]SF Services Exports'!$A$4:$A$500
Name ssfimp: '[1]SF Services Imports'!$A$4:$S$500
Name ssfimpcountries: '[1]SF Services Imports'!$A$4:$S$4
Name ssfimpquarters: '[1]SF Services Imports'!$A$4:$A$500
Name SUP: #REF!
Name SUP: #REF!
Name TEST: #REF!

Sheet Exhibit 12A
A1: Part B: Not Seasonally Adjusted
A2: Imports of Goods by Principal End-Use Category
A3: In millions of dollars. Details may not equal totals due to seasonal adjustment and rounding.
A4: Period | B4: Total Census Basis (1) | C4: End-Use Commodity Category
C5: Foods, Feeds, Beverages | D5: Industrial Supplies (2) | E5: Capital Goods | F5: Automotive Vehicles, etc. | G5: Consumer Goods | H5: Other Goods
A6: 2025 | B6: 2321048 | C6: 150299 | D6: 509111 | E6: 722055 | F6: 288142 | G6: 553628 | H6: 97814 | I6: =G6/B6 -> 0.23852501
A7: January | B7: 317227 | C7: 20459 | D7: 88804 | E7: 83793 | F7: 35535 | G7: 77042 | H7: 11594 | I7: =G7/B7 -> 0.24286079
A8: February | B8: 288194 | C8: 17924 | D8: 76037 | E8: 77256 | F8: 34435 | G8: 71715 | H8: 10825 | I8: =G8/B8 -> 0.24884279
A9: March | B9: 342727 | C9: 20650 | D9: 73528 | E9: 93556 | F9: 43067 | G9: 99360 | H9: 12565 | I9: =G9/B9 -> 0.28991005
A10: April | B10: 276133 | C10: 19214 | D10: 53571 | E10: 89384 | F10: 34157 | G10: 67604 | H10: 12205 | I10: =G10/B10 -> 0.24482405
A11: May | B11: 276403 | C11: 19105 | D11: 52848 | E11: 91029 | F11: 36882 | G11: 63867 | H11: 12672 | I11: =G11/B11 -> 0.23106479
A12: June | B12: 265518 | C12: 18249 | D12: 49925 | E12: 94164 | F12: 34930 | G12: 56099 | H12: 12152 | I12: =G12/B12 -> 0.21128134
A13: July | B13: 292215 | C13: 18526 | D13: 64249 | E13: 100561 | F13: 34098 | G13: 61612 | H13: 13170 | I13: =G13/B13 -> 0.21084475
A14: August | B14: 262632 | C14: 16173 | D14: 50149 | E14: 92311 | F14: 35038 | G14: 56329 | H14: 12632 | I14: =G14/B14 -> 0.21447881
A15: September | I15: =G15/B15 -> #VALUE!
A16: October | I16: =G16/B16 -> #VALUE!
A17: November | I17: =G17/B17 -> #VALUE!
A18: December | I18: =G18/B18 -> #VALUE!
A19: 2024 | B19: 3266410 | C19: 216021 | D19: 675771 | E19: 961759 | F19: 474380 | G19: 805674 | H19: 132805 | I19: =G19/B19 -> 0.24665428
A20: January | B20: 253693 | C20: 17382 | D20: 54906 | E20: 71408 | F20: 37763 | G20: 62063 | H20: 10171 | I20: =G20/B20 -> 0.2446382
A21: February | B21: 242229 | C21: 17121 | D21: 49747 | E21: 68114 | F21: 38144 | G21: 58876 | H21: 10227 | I21: =G21/B21 -> 0.24305925
A22: March | B22: 259087 | C22: 18431 | D22: 53140 | E22: 76108 | F22: 39626 | G22: 60936 | H22: 10846 | I22: =G22/B22 -> 0.23519513
A23: April | B23: 270974 | C23: 18352 | D23: 57063 | E23: 77168 | F23: 42297 | G23: 64641 | H23: 11453 | I23: =G23/B23 -> 0.23855056
A24: May | B24: 274906 | C24: 18483 | D24: 60071 | E24: 79657 | F24: 41094 | G24: 64042 | H24: 11560 | I24: =G24/B24 -> 0.23295963
A25: June | B25: 266057 | C25: 17090 | D25: 56165 | E25: 80470 | F25: 39353 | G25: 62093 | H25: 10887 | I25: =G25/B25 -> 0.23338232
A26: July | B26: 288127 | C26: 17813 | D26: 62050 | E26: 86559 | F26: 40114 | G26: 70501 | H26: 11090 | I26: =G26/B26 -> 0.24468724
A27: August | B27: 277306 | C27: 17558 | D27: 55609 | E27: 83886 | F27: 39903 | G27: 69642 | H27: 10708 | I27: =G27/B27 -> 0.25113773
A28: September | B28: 285963 | C28: 17622 | D28: 55027 | E28: 86974 | F28: 38818 | G28: 76059 | H28: 11463 | I28: =G28/B28 -> 0.26597497
A29: October | B29: 288844 | C29: 18690 | D29: 54386 | E29: 84689 | F29: 40469 | G29: 78751 | H29: 11859 | I29: =G29/B29 -> 0.27264198
A30: November | B30: 274312 | C30: 18674 | D30: 53701 | E30: 81920 | F30: 39267 | G30: 69393 | H30: 11357 | I30: =G30/B30 -> 0.25297107
A31: December | B31: 284911 | C31: 18803 | D31: 63907 | E31: 84808 | F31: 37532 | G31: 68678 | H31: 11182 | I31: =G31/B31 -> 0.24105071
A32: 2023 | B32: 3076796 | C32: 200201 | D32: 674604 | E32: 858326 | F32: 456963 | G32: 757239 | H32: 129462 | I32: =G32/B32 -> 0.24611284
A33: January | B33: 254626 | C33: 17559 | D33: 60093 | E33: 68165 | F33: 34367 | G33: 64737 | H33: 9705 | I33: =G33/B33 -> 0.25424348
A34: February | B34: 230170 | C34: 15466 | D34: 52699 | E34: 63370 | F34: 32653 | G34: 55885 | H34: 10098 | I34: =G34/B34 -> 0.2427988
A35: March | B35: 261244 | C35: 18051 | D35: 57909 | E35: 73898 | F35: 38045 | G35: 61552 | H35: 11790 | I35: =G35/B35 -> 0.23561115
A36: April | B36: 249869 | C36: 16530 | D36: 59175 | E36: 68239 | F36: 36643 | G36: 58943 | H36: 10339 | I36: =G36/B36 -> 0.23589561
A37: May | B37: 263245 | C37: 17368 | D37: 60332 | E37: 73828 | F37: 38034 | G37: 62299 | H37: 11384 | I37: =G37/B37 -> 0.23665787
A38: June | B38: 257211 | C38: 16731 | D38: 56406 | E38: 73053 | F38: 38793 | G38: 61342 | H38: 10886 | I38: =G38/B38 -> 0.23848902
A39: July | B39: 255333 | C39: 16643 | D39: 54472 | E39: 71650 | F39: 38209 | G39: 63792 | H39: 10567 | I39: =G39/B39 -> 0.24983845
A40: August | B40: 265555 | C40: 16763 | D40: 58331 | E40: 72844 | F40: 40181 | G40: 66951 | H40: 10486 | I40: =G40/B40 -> 0.25211726
A41: September | B41: 260863 | C41: 15639 | D41: 55000 | E41: 71565 | F41: 39286 | G41: 68560 | H41: 10813 | I41: =G41/B41 -> 0.26281995
A42: October | B42: 276179 | C42: 17157 | D42: 55679 | E42: 77089 | F42: 41618 | G42: 72958 | H42: 11678 | I42: =G42/B42 -> 0.26416925
A43: November | B43: 255461 | C43: 16341 | D43: 52915 | E43: 73081 | F43: 39624 | G43: 62274 | H43: 11227 | I43: =G43/B43 -> 0.24377106
A44: December | B44: 247041 | C44: 15954 | D44: 51594 | E44: 71545 | F44: 39513 | G44: 57947 | H44: 10489 | I44: =G44/B44 -> 0.2345643
A45: 2022 | B45: 3239733 | C45: 208254 | D45: 809641 | E45: 864467 | F45: 397907 | G45: 838143 | H45: 121319 | I45: =G45/B45 -> 0.25870743
A46: January | B46: 247009 | C46: 16779 | D46: 60376 | E46: 63273 | F46: 29292 | G46: 68225 | H46: 9064 | I46: =G46/B46 -> 0.27620451
A47: February | B47: 233955 | C47: 15327 | D47: 58095 | E47: 60424 | F47: 27377 | G47: 63166 | H47: 9566 | I47: =G47/B47 -> 0.26999209
A48: March | B48: 295672 | C48: 18827 | D48: 77971 | E48: 76200 | F48: 34815 | G48: 75638 | H48: 12221 | I48: =G48/B48 -> 0.25581726
A49: April | B49: 272415 | C49: 18405 | D49: 71342 | E49: 69750 | F49: 33418 | G49: 69047 | H49: 10453 | I49: =G49/B49 -> 0.25346255
A50: May | B50: 285287 | C50: 19339 | D50: 76156 | E50: 72598 | F50: 34003 | G50: 73136 | H50: 10055 | I50: =G50/B50 -> 0.25635939
A51: June | B51: 285978 | C51: 18473 | D51: 76692 | E51: 75921 | F51: 31661 | G51: 72934 | H51: 10298 | I51: =G51/B51 -> 0.2550336
A52: July | B52: 270391 | C52: 16684 | D52: 72782 | E52: 72684 | F52: 32024 | G52: 67043 | H52: 9174 | I52: =G52/B52 -> 0.24794834
A53: August | B53: 283273 | C53: 17496 | D53: 70656 | E53: 74834 | F53: 35742 | G53: 74936 | H53: 9609 | I53: =G53/B53 -> 0.26453633
A54: September | B54: 275053 | C54: 16466 | D54: 63807 | E54: 76048 | F54: 34040 | G54: 75110 | H54: 9583 | I54: =G54/B54 -> 0.27307464
A55: October | B55: 281439 | C55: 17597 | D55: 63539 | E55: 77086 | F55: 36765 | G55: 75566 | H55: 10887 | I55: =G55/B55 -> 0.26849868
A56: November | B56: 255572 | C56: 16458 | D56: 60227 | E56: 72766 | F56: 32919 | G56: 62988 | H56: 10215 | I56: =G56/B56 -> 0.24645892
A57: December | B57: 253688 | C57: 16403 | D57: 58000 | E57: 72884 | F57: 35852 | G57: 60355 | H57: 10195 | I57: =G57/B57 -> 0.23791035
A58: 2021 | B58: 2828515 | C58: 182111 | D58: 649086 | E58: 759994 | F58: 345497 | G58: 767267 | H58: 124561 | I58: =G58/B58 -> 0.27126142
A59: January | B59: 204628 | C59: 13507 | D59: 41806 | E59: 54030 | F59: 28477 | G59: 59037 | H59: 7771 | I59: =G59/B59 -> 0.2885089
A60: February | B60: 193435 | C60: 12264 | D60: 41728 | E60: 51393 | F60: 26004 | G60: 53574 | H60: 8472 | I60: =G60/B60 -> 0.27696125
A61: March | B61: 236917 | C61: 15222 | D61: 51932 | E61: 64447 | F61: 32849 | G61: 61571 | H61: 10897 | I61: =G61/B61 -> 0.25988426
A62: April | B62: 226462 | C62: 14979 | D62: 51022 | E62: 62454 | F62: 29361 | G62: 58799 | H62: 9846 | I62: =G62/B62 -> 0.25964179
A63: May | B63: 230414 | C63: 15882 | D63: 53597 | E63: 62283 | F63: 28586 | G63: 60725 | H63: 9340 | I63: =G63/B63 -> 0.26354735
A64: June | B64: 242322 | C64: 16333 | D64: 58771 | E64: 66317 | F64: 28990 | G64: 61421 | H64: 10489 | I64: =G64/B64 -> 0.25346853
A65: July | B65: 237302 | C65: 15695 | D65: 57031 | E65: 64201 | F65: 28551 | G65: 61608 | H65: 10217 | I65: =G65/B65 -> 0.25961855
A66: August | B66: 245232 | C66: 15459 | D66: 58409 | E66: 64705 | F66: 28950 | G66: 67700 | H66: 10008 | I66: =G66/B66 -> 0.27606511
A67: September | B67: 244356 | C67: 14914 | D67: 57274 | E67: 66513 | F67: 25302 | G67: 68811 | H67: 11542 | I67: =G67/B67 -> 0.28160143
A68: October | B68: 251212 | C68: 15812 | D68: 56544 | E68: 66801 | F68: 28479 | G68: 71898 | H68: 11678 | I68: =G68/B68 -> 0.28620448
A69: November | B69: 259390 | C69: 16198 | D69: 61930 | E69: 67251 | F69: 29339 | G69: 72218 | H69: 12455 | I69: =G69/B69 -> 0.27841474
A70: December | B70: 256845 | C70: 15847 | D70: 59043 | E70: 69599 | F70: 30607 | G70: 69903 | H70: 11846 | I70: =G70/B70 -> 0.27216025
A71: 2020 | B71: 2331477 | C71: 154325 | D71: 478704 | E71: 643374 | F71: 309172 | G71: 639578 | H71: 106324 | I71: =G71/B71 -> 0.2743231
A72: January | B72: 195796 | C72: 13152 | D72: 42087 | E72: 51964 | F72: 27050 | G72: 52196 | H72: 9347 | I72: =G72/B72 -> 0.26658359
A73: February | B73: 178108 | C73: 11885 | D73: 36784 | E73: 46252 | F73: 28508 | G73: 45898 | H73: 8782 | I73: =G73/B73 -> 0.25769758
A74: March | B74: 193923 | C74: 13701 | D74: 41652 | E74: 54142 | F74: 29541 | G74: 44597 | H74: 10290 | I74: =G74/B74 -> 0.22997272
A75: April | B75: 165612 | C75: 12552 | D75: 42449 | E75: 47517 | F75: 13706 | G75: 41567 | H75: 7822 | I75: =G75/B75 -> 0.25099027
A76: May | B76: 163494 | C76: 12438 | D76: 44489 | E76: 47420 | F76: 8905 | G76: 43202 | H76: 7040 | I76: =G76/B76 -> 0.26424211
A77: June | B77: 179138 | C77: 12629 | D77: 37107 | E77: 52522 | F77: 19072 | G77: 50440 | H77: 7368 | I77: =G77/B77 -> 0.28157063
A78: July | B78: 199928 | C78: 12674 | D78: 41712 | E78: 55763 | F78: 24875 | G78: 56142 | H78: 8762 | I78: =G78/B78 -> 0.28081109
A79: August | B79: 203112 | C79: 12897 | D79: 38739 | E79: 54535 | F79: 28453 | G79: 59543 | H79: 8945 | I79: =G79/B79 -> 0.29315353
A80: September | B80: 206084 | C80: 12809 | D80: 36712 | E80: 55907 | F80: 30180 | G80: 60971 | H80: 9504 | I80: =G80/B80 -> 0.29585509
A81: October | B81: 218953 | C81: 13372 | D81: 38200 | E81: 59140 | F81: 33704 | G81: 65111 | H81: 9426 | I81: =G81/B81 -> 0.29737432
A82: November | B82: 212453 | C82: 12974 | D82: 37521 | E82: 57852 | F82: 31827 | G82: 62893 | H82: 9385 | I82: =G82/B82 -> 0.29603253
A83: December | B83: 214877 | C83: 13243 | D83: 41250 | E83: 60361 | F83: 33353 | G83: 57017 | H83: 9653 | I83: =G83/B83 -> 0.26534715
A84: 2019 | B84: 2491700 | C84: 150506 | D84: 520551 | E84: 674767 | F84: 374454 | G84: 652997 | H84: 118425 | I84: =G84/B84 -> 0.26206887
A85: January | B85: 203981 | C85: 12615 | D85: 44157 | E85: 53934 | F85: 29396 | G85: 55197 | H85: 8683 | I85: =G85/B85 -> 0.27059873
A86: February | B86: 185268 | C86: 11146 | D86: 37936 | E86: 49679 | F86: 29272 | G86: 48694 | H86: 8540 | I86: =G86/B86 -> 0.26283006
A87: March | B87: 207511 | C87: 13371 | D87: 44409 | E87: 56861 | F87: 33635 | G87: 49636 | H87: 9599 | I87: =G87/B87 -> 0.23919696
A88: April | B88: 208742 | C88: 13360 | D88: 46268 | E88: 55879 | F88: 31397 | G88: 52486 | H88: 9352 | I88: =G88/B88 -> 0.25143958
A89: May | B89: 220208 | C89: 13454 | D89: 48854 | E89: 58947 | F89: 33238 | G89: 55740 | H89: 9975 | I89: =G89/B89 -> 0.25312432
A90: June | B90: 206532 | C90: 12464 | D90: 43480 | E90: 57592 | F90: 32018 | G90: 50798 | H90: 10180 | I90: =G90/B90 -> 0.24595704
A91: July | B91: 218311 | C91: 12752 | D91: 47252 | E91: 58290 | F91: 31347 | G91: 58503 | H91: 10167 | I91: =G91/B91 -> 0.26798008
A92: August | B92: 215246 | C92: 12237 | D92: 43960 | E92: 57823 | F92: 32688 | G92: 59210 | H92: 9329 | I92: =G92/B92 -> 0.27508061
A93: September | B93: 206149 | C93: 11868 | D93: 40860 | E93: 55260 | F93: 29592 | G93: 58150 | H93: 10419 | I93: =G93/B93 -> 0.28207753
A94: October | B94: 218901 | C94: 12856 | D94: 42300 | E94: 59215 | F94: 31166 | G94: 61418 | H94: 11947 | I94: =G94/B94 -> 0.28057432
A95: November | B95: 198975 | C95: 11865 | D95: 38706 | E95: 54906 | F95: 30706 | G95: 53136 | H95: 9655 | I95: =G95/B95 -> 0.26704862
A96: December | B96: 201877 | C96: 12519 | D96: 42369 | E96: 56381 | F96: 29999 | G96: 50029 | H96: 10579 | I96: =G96/B96 -> 0.24781922
A97: 2018 | B97: 2536145 | C97: 147262 | D97: 574630 | E97: 690909 | F97: 371111 | G97: 645367 | H97: 106867 | I97: =G97/B97 -> 0.25446771
A98: January | B98: 203029 | C98: 12282 | D98: 47441 | E98: 53201 | F98: 28390 | G98: 53555 | H98: 8159 | I98: =G98/B98 -> 0.26378005
A99: February | B99: 186770 | C99: 11559 | D99: 41648 | E99: 49935 | F99: 28601 | G99: 47888 | H99: 7139 | I99: =G99/B99 -> 0.25640092
A100: March | B100: 207985 | C100: 12844 | D100: 47036 | E100: 57289 | F100: 32896 | G100: 49493 | H100: 8427 | I100: =G100/B100 -> 0.23796428
...

Sheet Sheet1
A1: Year | B1: share_imports_consumption
A2: 1992 | B2: 0.23027006
A3: 1993 | B3: ='Exhibit 12A'!I422 -> 0.23079467
A4: 1994 | B4: ='Exhibit 12A'!I409 -> 0.22053928
A5: 1995 | B5: ='Exhibit 12A'!I396 -> 0.21505817
A6: 1996 | B6: ='Exhibit 12A'!I383 -> 0.21625221
A7: 1997 | B7: ='Exhibit 12A'!I370 -> 0.22284708
A8: 1998 | B8: ='Exhibit 12A'!I357 -> 0.23796135
A9: 1999 | B9: ='Exhibit 12A'!I344 -> 0.23609287
A10: 2000 | B10: ='Exhibit 12A'!I331 -> 0.23138498
A11: 2001 | B11: ='Exhibit 12A'!I318 -> 0.24916148
A12: 2002 | B12: ='Exhibit 12A'!I305 -> 0.26506889
A13: 2003 | B13: ='Exhibit 12A'!I292 -> 0.26558939
A14: 2004 | B14: ='Exhibit 12A'!I279 -> 0.25375042
A15: 2005 | B15: ='Exhibit 12A'!I266 -> 0.24335103
A16: 2006 | B16: ='Exhibit 12A'!I253 -> 0.2387561
A17: 2007 | B17: ='Exhibit 12A'!I240 -> 0.24249423
A18: 2008 | B18: ='Exhibit 12A'!I227 -> 0.22895684
A19: 2009 | B19: ='Exhibit 12A'!I214 -> 0.27399663
A20: 2010 | B20: ='Exhibit 12A'!I201 -> 0.25248752
A21: 2011 | B21: ='Exhibit 12A'!I188 -> 0.23284362
A22: 2012 | B22: ='Exhibit 12A'!I175 -> 0.22709023
A23: 2013 | B23: ='Exhibit 12A'!I162 -> 0.23442551
A24: 2014 | B24: ='Exhibit 12A'!I149 -> 0.23641801
A25: 2015 | B25: ='Exhibit 12A'!I136 -> 0.26421918
A26: 2016 | B26: ='Exhibit 12A'!I123 -> 0.26664703
A27: 2017 | B27: ='Exhibit 12A'!I110 -> 0.25706117
A28: 2018 | B28: ='Exhibit 12A'!I97 -> 0.25446771
A29: 2019 | B29: ='Exhibit 12A'!I84 -> 0.26206887
A30: 2020 | B30: ='Exhibit 12A'!I71 -> 0.2743231
A31: 2021 | B31: ='Exhibit 12A'!I58 -> 0.27126142
A32: 2022 | B32: ='Exhibit 12A'!I45 -> 0.25870743
A33: 2023 | B33: ='Exhibit 12A'!I32 -> 0.24611284
A34: 2024 | B34: ='Exhibit 12A'!I19 -> 0.24665428
A35: 2025 | B35: ='Exhibit 12A'!I6 -> 0.23852501
